,accuracy_score,speech_score,facial_score,overall_score
accuracy_score,1.0,0.15854575715110863,-0.21223054779884878,0.8071480557884764
speech_score,0.15854575715110863,1.0,-0.03837401973781047,0.5068941915459468
facial_score,-0.21223054779884878,-0.03837401973781047,1.0,0.2652198430757688
overall_score,0.8071480557884764,0.5068941915459468,0.2652198430757688,1.0
