Metric,Mean,Median,Mode,Std_Dev,Variance,Min,Max
accuracy_score,71.04,70.0,43.0,17.38169535267873,302.12333333333333,41.0,99.0
speech_score,76.28,79.0,80.0,16.12844278492709,260.12666666666667,43.0,100.0
facial_score,69.76,71.0,44.0,18.939112967612818,358.69000000000005,43.0,100.0
overall_score,72.03,74.25,69.0,10.314411439017416,106.38708333333334,49.75,87.25
